number_of_keys,time_data_random,time_data_ascending,time_data_descending
"[1, 2, 3, 4, 5, 6, 7, 8, 9, 10, 11, 12, 13, 14, 15, 16, 17, 18, 19, 20, 21, 22, 23, 24, 25, 26, 27, 28, 29, 30]","[0.0, 0.0, 0.0, 0.0, 0.0, 0.0, 0.0, 0.0, 0.0, 0.0, 0.0, 0.0, 0.00099945068359375, 0.001001119613647461, 0.0, 0.0, 0.0, 0.0009999275207519531, 0.0, 0.0009999275207519531, 0.0, 0.0009999275207519531, 0.0009996891021728516, 0.0009999275207519531, 0.0009996891021728516, 0.0009989738464355469, 0.0010006427764892578, 0.0, 0.0010001659393310547, 0.0]","[0.0, 0.0, 0.0, 0.0, 0.0, 0.0, 0.0, 0.0, 0.0, 0.0, 0.0, 0.0, 0.0, 0.0, 0.0010001659393310547, 0.00099945068359375, 0.0010001659393310547, 0.0, 0.0, 0.0, 0.0010001659393310547, 0.0, 0.0, 0.0, 0.0, 0.0, 0.0009996891021728516, 0.0010001659393310547, 0.0, 0.0010001659393310547]","[0.0, 0.0, 0.0, 0.0, 0.0, 0.0, 0.0009984970092773438, 0.0, 0.0, 0.0, 0.0009999275207519531, 0.0, 0.0, 0.0, 0.0, 0.0, 0.0, 0.0, 0.0010004043579101562, 0.0009999275207519531, 0.0, 0.0010006427764892578, 0.0009999275207519531, 0.0010001659393310547, 0.001001596450805664, 0.0010001659393310547, 0.0009996891021728516, 0.0009999275207519531, 0.0010004043579101562, 0.0010001659393310547]"
